/*
Navicat MySQL Data Transfer

Source Server         : Myconnet
Source Server Version : 80020
Source Host           : localhost:3306
Source Database       : pet

Target Server Type    : MYSQL
Target Server Version : 80020
File Encoding         : 65001

Date: 2022-05-10 05:45:18
*/

SET FOREIGN_KEY_CHECKS=0;

-- ----------------------------
-- Table structure for bailment_data
-- ----------------------------
DROP TABLE IF EXISTS `bailment_data`;
CREATE TABLE `bailment_data` (
  `id` bigint NOT NULL COMMENT '主键，13位时间戳',
  `title` varchar(100) DEFAULT NULL COMMENT '寄养消息标题',
  `pet_type` varchar(32) DEFAULT NULL COMMENT '宠物类型',
  `pet_sex` tinyint DEFAULT '0' COMMENT '宠物性别，0-未知，1-雄性，2-雌性',
  `pet_month` int DEFAULT '0' COMMENT '宠物年龄，几个月',
  `linkman` varchar(32) DEFAULT NULL COMMENT '联系人',
  `phone` varchar(32) DEFAULT NULL COMMENT '联系电话',
  `wechat` varchar(32) DEFAULT NULL COMMENT '微信',
  `address` varchar(100) DEFAULT NULL COMMENT '地址',
  `description` varchar(1000) CHARACTER SET utf8 COLLATE utf8_general_ci DEFAULT NULL,
  `status` tinyint DEFAULT '0' COMMENT '领养状态，0-未被领养，1-已被领养',
  `user_id` char(24) NOT NULL,
  `create_time` datetime DEFAULT NULL COMMENT '创建时间',
  `update_time` datetime DEFAULT NULL COMMENT '修改时间',
  PRIMARY KEY (`id`),
  KEY `fk_user_id` (`user_id`),
  CONSTRAINT `fk_user_id` FOREIGN KEY (`user_id`) REFERENCES `user` (`id`) ON DELETE CASCADE ON UPDATE CASCADE
) ENGINE=InnoDB DEFAULT CHARSET=utf8;

-- ----------------------------
-- Records of bailment_data
-- ----------------------------
INSERT INTO `bailment_data` VALUES ('1652001884150', '两只猫咪，不挑食，爱干净，快来领养吧！', '猫', '1', '30', '小红', '18300000002', '18300000002', '上海市', '非常可爱的两只小猫。', '0', 'pet_1650886485626', '2022-05-08 17:24:44', '2022-05-08 17:24:44');
INSERT INTO `bailment_data` VALUES ('1652013899090', '一只非常非常可爱的小猫咪，好心人快快来领养吧！', '猫', '1', '24', '小红', '18300000003', '18300000003', '北京市', '橙白色的一只小猫，24个月大，由于工作忙没空照顾它，希望有好心人帮我照顾它。', '0', 'pet_1650886710780', '2022-05-08 20:44:59', '2022-05-08 20:44:59');
INSERT INTO `bailment_data` VALUES ('1652123487120', '一只橘猫和一只白猫，非常的可爱，由于工作原因没时间照顾它们，希望有好心人能帮我照顾它们', '猫', '1', '24', '小刚', '18300000005', '18300000005', '天津市西青区精武镇', '两只猫咪都非常可爱听话，不乱抓东西，也非常爱干净。', '0', 'pet_1652120379104', '2022-05-10 03:11:27', '2022-05-10 03:11:27');
INSERT INTO `bailment_data` VALUES ('1652124247768', '有几只可爱的小猫，都是在街头救回来的，有人喜欢吗？', '猫', '2', '6', '小东', '18300000003', '18300000003', '广东省广州市白云区', '几只非常可爱的小猫，由于个人经济有限，无法很好地照顾它们，希望有好心人来领养它们吧，要求不多，不要虐待它们就可以了。', '0', 'pet_1650886710780', '2022-05-10 03:24:07', '2022-05-10 03:24:07');
INSERT INTO `bailment_data` VALUES ('1652124553348', '两只白色的小狗，只有2个月大，有人想要成为它们的主人吗？', '狗', '1', '2', '小刚', '18300000003', '18300000003', '广东省广州市白云区', '两只小狗，由于就要出远门去工作，没人照顾它们，想找个好心人帮我照顾它们。', '0', 'pet_1650886710780', '2022-05-10 03:29:13', '2022-05-10 03:29:13');
INSERT INTO `bailment_data` VALUES ('1652125116611', '带着圣诞帽的猫咪可爱吧！有人愿意收留它吗？', '猫', '2', '15', '小红', '18300000001', '18300000001', '广东省深圳市', '一只非常可爱的小猫咪。', '0', 'pet_1652120262670', '2022-05-10 03:38:36', '2022-05-10 03:38:36');
INSERT INTO `bailment_data` VALUES ('1652126497361', '一只刚出生几天的小猫咪，你们有人愿意养吗？', '猫', '2', '0', '小东', '18300000002', '18300000002', '北京市', '一只非常可爱的小猫，因为家里猫太多了，想把它给喜欢猫的人养', '0', 'pet_1650886485626', '2022-05-10 04:01:37', '2022-05-10 04:01:37');
INSERT INTO `bailment_data` VALUES ('1652127133211', '两只非常能吃小仓鼠，有人喜欢吗！', '其他', '1', '11', '小红', '18300000004', '18300000004', '湖北省', '两只小仓鼠，有愿意领养的吗？非常非常非常非常非常非常非常非常非常非常非常非常非常非常非常非常非常非常非常非常非常非常非常非常非常非常非常非常非常非常非常非常非常非常非常非常非常非常非常非常非常非常非常非常非常非常非常非常非常非常非常非常非常非常非常非常非常非常非常非常非常非常非常非常非常非常非常非常非常可爱！', '0', 'pet_1650886830496', '2022-05-10 04:12:13', '2022-05-10 04:12:13');
INSERT INTO `bailment_data` VALUES ('1652127750854', '蠢蠢但善良的一只狗，有人觉得它好看吗？喜欢就领走吧！', '狗', '1', '8', '小光', '18300000006', '18300000006', '云南省', '我觉得它有点难看，你们喜欢的话可以来领养，不要虐待它就行。', '0', 'pet_1652127349427', '2022-05-10 04:22:30', '2022-05-10 04:22:30');
INSERT INTO `bailment_data` VALUES ('1652128606065', '很霸气的一只猫，有被它所吸引的吗？', '猫', '1', '36', '小光', '18300000006', '18300000006', '广西省', '看着它够霸气吧！', '0', 'pet_1652128063243', '2022-05-10 04:36:46', '2022-05-10 04:36:46');
INSERT INTO `bailment_data` VALUES ('1652128945596', '一只很可爱很可爱的小兔子！', '兔', '2', '18', '小芳', '18300000008', '18300000008', '北京市', '快来领养这只小兔子吧！', '0', 'pet_1652128699898', '2022-05-10 04:42:25', '2022-05-10 04:42:25');
INSERT INTO `bailment_data` VALUES ('1652129218575', '看起来很憨憨的狗，应该很多人喜欢吧！', '狗', '1', '9', '小王', '18300000009', '18300000009', '上海市', '很憨憨的一只狗！', '0', 'pet_1652129043290', '2022-05-10 04:46:58', '2022-05-10 04:46:58');
INSERT INTO `bailment_data` VALUES ('1652129531809', '别看我眼神憨憨的，其实我灵活很厉害！', '猫', '1', '9', '小鱼', '18300000010', '18300000010', '湖南省', '可爱的憨憨！', '0', 'pet_1652129350425', '2022-05-10 04:52:11', '2022-05-10 04:52:11');
INSERT INTO `bailment_data` VALUES ('1652129735727', '刚出生的小狗，看起来非常萌萌的，相信长大之后也一定很好看，你们喜欢吗？', '狗', '2', '0', '小东', '18300000001', '18300000001', '广东省肇庆市', '刚出生的狗宝宝', '0', 'pet_1652120262670', '2022-05-10 04:55:35', '2022-05-10 04:55:35');
INSERT INTO `bailment_data` VALUES ('1652129892502', '一只可怜的小猫，有人愿意给它温暖吗？', '猫', '2', '1', '小全', '18300000002', '18300000002', '广东省广州市', '看着它挺可怜的，你们快来救救它吧。', '0', 'pet_1650886485626', '2022-05-10 04:58:12', '2022-05-10 04:58:12');
INSERT INTO `bailment_data` VALUES ('1652130141303', '有着很漂亮毛发的兔子！', '兔', '2', '13', '小刚', '18300000003', '18300000003', '天津市', '一只兔子', '0', 'pet_1650886710780', '2022-05-10 05:02:21', '2022-05-10 05:02:21');
INSERT INTO `bailment_data` VALUES ('1652130385832', '一只兔老头，哈哈哈，喜欢的把它带走吧，看着它是不是很有年代感', '兔', '1', '9', '小红', '18300000004', '18300000004', '甘肃省', '一只兔老头', '0', 'pet_1650886830496', '2022-05-10 05:06:25', '2022-05-10 05:06:25');
INSERT INTO `bailment_data` VALUES ('1652130512559', '非常爱睡觉的一只猫', '猫', '1', '19', '小东', '18300000005', '18300000005', '北京市', '爱睡觉的猫', '0', 'pet_1652120379104', '2022-05-10 05:08:32', '2022-05-10 05:08:32');
INSERT INTO `bailment_data` VALUES ('1652130712510', '可爱的荷兰猪！', '其他', '2', '7', '小东', '18300000006', '18300000006', '天津市', '荷兰猪一只！', '0', 'pet_1652127349427', '2022-05-10 05:11:52', '2022-05-10 05:11:52');
INSERT INTO `bailment_data` VALUES ('1652131027014', '娇气的公主，非常有公主气的狗，容易闹脾气，不太喜欢吃东西，也不怎么爱玩。', '猫', '2', '5', '小芳', '18300000007', '18300000007', '广东省深圳市', '狗公主一只', '0', 'pet_1652128063243', '2022-05-10 05:17:07', '2022-05-10 05:17:07');
INSERT INTO `bailment_data` VALUES ('1652131196113', '这一对小狗是夫妻一对，非常恩爱！', '狗', '1', '6', '小光', '18300000008', '18300000008', '南京市', '夫妻宠物', '0', 'pet_1652128699898', '2022-05-10 05:19:56', '2022-05-10 05:19:56');
INSERT INTO `bailment_data` VALUES ('1652131326814', '黑白灰三只兔子。', '兔', '2', '7', '小红', '18300000009', '18300000009', '北京市', '三只兔子', '0', 'pet_1652129043290', '2022-05-10 05:22:06', '2022-05-10 05:22:06');
INSERT INTO `bailment_data` VALUES ('1652131525996', '很忠诚的一只狗，喜欢的话就领走吧！', '狗', '1', '26', '小东', '18300000010', '18300000010', '天津市', '很忠诚的狗', '0', 'pet_1652129350425', '2022-05-10 05:25:25', '2022-05-10 05:25:25');
INSERT INTO `bailment_data` VALUES ('1652131656780', '一只萌翻了的小猫咪！', '猫', '2', '1', '小光', '18300000001', '18300000001', '南京市', '很萌的小猫咪！', '0', 'pet_1652120262670', '2022-05-10 05:27:36', '2022-05-10 05:27:36');
INSERT INTO `bailment_data` VALUES ('1652131772729', '它是一只兔大师，成熟稳重！', '兔', '1', '31', '小全', '18300000002', '18300000002', '广东省', '兔大师', '0', 'pet_1650886485626', '2022-05-10 05:29:32', '2022-05-10 05:29:32');
INSERT INTO `bailment_data` VALUES ('1652131906908', '慵懒的小狗！', '狗', '2', '9', '小刚', '18300000001', '18300000001', '天津市', '慵懒的小狗', '0', 'pet_1652120262670', '2022-05-10 05:31:46', '2022-05-10 05:31:46');
INSERT INTO `bailment_data` VALUES ('1652132132106', '三只姐妹小狗，它们是三胞胎，非常的萌和非常听话！', '狗', '2', '2', '小东', '18300000003', '18300000003', '北京市', '姐妹花', '0', 'pet_1650886710780', '2022-05-10 05:35:32', '2022-05-10 05:35:32');

-- ----------------------------
-- Table structure for picture
-- ----------------------------
DROP TABLE IF EXISTS `picture`;
CREATE TABLE `picture` (
  `id` bigint NOT NULL COMMENT '主键，时间戳',
  `filename` varchar(255) DEFAULT NULL COMMENT '图片名称',
  `bailment_data_id` bigint DEFAULT NULL COMMENT '寄养数据外键',
  `create_time` datetime DEFAULT NULL COMMENT '创建时间',
  `update_time` datetime DEFAULT NULL COMMENT '修改时间',
  PRIMARY KEY (`id`),
  KEY `fk_bailment_data_id` (`bailment_data_id`),
  CONSTRAINT `fk_bailment_data_id` FOREIGN KEY (`bailment_data_id`) REFERENCES `bailment_data` (`id`) ON DELETE CASCADE ON UPDATE CASCADE
) ENGINE=InnoDB DEFAULT CHARSET=utf8;

-- ----------------------------
-- Records of picture
-- ----------------------------
INSERT INTO `picture` VALUES ('1652001884152', '1652001884152veer-355034088.jpg', '1652001884150', '2022-05-08 17:24:44', '2022-05-08 17:24:44');
INSERT INTO `picture` VALUES ('1652001884155', '1652001884155veer-375077267.jpg', '1652001884150', '2022-05-08 17:24:44', '2022-05-08 17:24:44');
INSERT INTO `picture` VALUES ('1652013899091', '1652013899091veer-345579046.jpg', '1652013899090', '2022-05-08 20:44:59', '2022-05-08 20:44:59');
INSERT INTO `picture` VALUES ('1652013899094', '1652013899094veer-352109610.jpg', '1652013899090', '2022-05-08 20:44:59', '2022-05-08 20:44:59');
INSERT INTO `picture` VALUES ('1652123487120', '16521234871201.webp', '1652123487120', '2022-05-10 03:11:27', '2022-05-10 03:11:27');
INSERT INTO `picture` VALUES ('1652124247768', '16521242477682.webp', '1652124247768', '2022-05-10 03:24:07', '2022-05-10 03:24:07');
INSERT INTO `picture` VALUES ('1652124247769', '16521242477693.webp', '1652124247768', '2022-05-10 03:24:07', '2022-05-10 03:24:07');
INSERT INTO `picture` VALUES ('1652124247770', '165212424777013.webp', '1652124247768', '2022-05-10 03:24:07', '2022-05-10 03:24:07');
INSERT INTO `picture` VALUES ('1652124553349', '16521245533494.webp', '1652124553348', '2022-05-10 03:29:13', '2022-05-10 03:29:13');
INSERT INTO `picture` VALUES ('1652124553350', '16521245533505.webp', '1652124553348', '2022-05-10 03:29:13', '2022-05-10 03:29:13');
INSERT INTO `picture` VALUES ('1652124553351', '16521245533516.webp', '1652124553348', '2022-05-10 03:29:13', '2022-05-10 03:29:13');
INSERT INTO `picture` VALUES ('1652125116611', '165212511661112.webp', '1652125116611', '2022-05-10 03:38:36', '2022-05-10 03:38:36');
INSERT INTO `picture` VALUES ('1652125116612', '16521251166127.webp', '1652125116611', '2022-05-10 03:38:36', '2022-05-10 03:38:36');
INSERT INTO `picture` VALUES ('1652126497362', '165212649736210.webp', '1652126497361', '2022-05-10 04:01:37', '2022-05-10 04:01:37');
INSERT INTO `picture` VALUES ('1652126497363', '16521264973637.webp', '1652126497361', '2022-05-10 04:01:37', '2022-05-10 04:01:37');
INSERT INTO `picture` VALUES ('1652126497364', '16521264973648.webp', '1652126497361', '2022-05-10 04:01:37', '2022-05-10 04:01:37');
INSERT INTO `picture` VALUES ('1652126497365', '16521264973659.webp', '1652126497361', '2022-05-10 04:01:37', '2022-05-10 04:01:37');
INSERT INTO `picture` VALUES ('1652126497366', '165212649736613.webp', '1652126497361', '2022-05-10 04:01:37', '2022-05-10 04:01:37');
INSERT INTO `picture` VALUES ('1652127133211', '165212713321111.webp', '1652127133211', '2022-05-10 04:12:13', '2022-05-10 04:12:13');
INSERT INTO `picture` VALUES ('1652127133212', '165212713321212.webp', '1652127133211', '2022-05-10 04:12:13', '2022-05-10 04:12:13');
INSERT INTO `picture` VALUES ('1652127750854', '16521277508546.webp', '1652127750854', '2022-05-10 04:22:30', '2022-05-10 04:22:30');
INSERT INTO `picture` VALUES ('1652127750855', '16521277508555.webp', '1652127750854', '2022-05-10 04:22:30', '2022-05-10 04:22:30');
INSERT INTO `picture` VALUES ('1652128606065', '16521286060653.jpg', '1652128606065', '2022-05-10 04:36:46', '2022-05-10 04:36:46');
INSERT INTO `picture` VALUES ('1652128606066', '16521286060662.webp', '1652128606065', '2022-05-10 04:36:46', '2022-05-10 04:36:46');
INSERT INTO `picture` VALUES ('1652128945596', '165212894559616.webp', '1652128945596', '2022-05-10 04:42:25', '2022-05-10 04:42:25');
INSERT INTO `picture` VALUES ('1652128945597', '165212894559715.webp', '1652128945596', '2022-05-10 04:42:25', '2022-05-10 04:42:25');
INSERT INTO `picture` VALUES ('1652129218575', '16521292185754.jpg', '1652129218575', '2022-05-10 04:46:58', '2022-05-10 04:46:58');
INSERT INTO `picture` VALUES ('1652129218576', '16521292185764.webp', '1652129218575', '2022-05-10 04:46:58', '2022-05-10 04:46:58');
INSERT INTO `picture` VALUES ('1652129531810', '16521295318106.jpg', '1652129531809', '2022-05-10 04:52:11', '2022-05-10 04:52:11');
INSERT INTO `picture` VALUES ('1652129531811', '16521295318112.jpg', '1652129531809', '2022-05-10 04:52:11', '2022-05-10 04:52:11');
INSERT INTO `picture` VALUES ('1652129735727', '16521297357272.jpg', '1652129735727', '2022-05-10 04:55:35', '2022-05-10 04:55:35');
INSERT INTO `picture` VALUES ('1652129735728', '16521297357287.webp', '1652129735727', '2022-05-10 04:55:35', '2022-05-10 04:55:35');
INSERT INTO `picture` VALUES ('1652129892503', '16521298925037.jpg', '1652129892502', '2022-05-10 04:58:12', '2022-05-10 04:58:12');
INSERT INTO `picture` VALUES ('1652129892504', '16521298925047.webp', '1652129892502', '2022-05-10 04:58:12', '2022-05-10 04:58:12');
INSERT INTO `picture` VALUES ('1652130141303', '165213014130318.webp', '1652130141303', '2022-05-10 05:02:21', '2022-05-10 05:02:21');
INSERT INTO `picture` VALUES ('1652130141304', '165213014130415.webp', '1652130141303', '2022-05-10 05:02:21', '2022-05-10 05:02:21');
INSERT INTO `picture` VALUES ('1652130385832', '165213038583217.webp', '1652130385832', '2022-05-10 05:06:25', '2022-05-10 05:06:25');
INSERT INTO `picture` VALUES ('1652130385834', '165213038583418.webp', '1652130385832', '2022-05-10 05:06:25', '2022-05-10 05:06:25');
INSERT INTO `picture` VALUES ('1652130512559', '16521305125599.webp', '1652130512559', '2022-05-10 05:08:32', '2022-05-10 05:08:32');
INSERT INTO `picture` VALUES ('1652130512560', '16521305125605.jpg', '1652130512559', '2022-05-10 05:08:32', '2022-05-10 05:08:32');
INSERT INTO `picture` VALUES ('1652130712510', '16521307125108.jpg', '1652130712510', '2022-05-10 05:11:52', '2022-05-10 05:11:52');
INSERT INTO `picture` VALUES ('1652130712511', '165213071251111.webp', '1652130712510', '2022-05-10 05:11:52', '2022-05-10 05:11:52');
INSERT INTO `picture` VALUES ('1652131027014', '165213102701424.webp', '1652131027014', '2022-05-10 05:17:07', '2022-05-10 05:17:07');
INSERT INTO `picture` VALUES ('1652131027015', '165213102701525.webp', '1652131027014', '2022-05-10 05:17:07', '2022-05-10 05:17:07');
INSERT INTO `picture` VALUES ('1652131196113', '165213119611323.webp', '1652131196113', '2022-05-10 05:19:56', '2022-05-10 05:19:56');
INSERT INTO `picture` VALUES ('1652131196114', '165213119611421.webp', '1652131196113', '2022-05-10 05:19:56', '2022-05-10 05:19:56');
INSERT INTO `picture` VALUES ('1652131326814', '165213132681422.webp', '1652131326814', '2022-05-10 05:22:06', '2022-05-10 05:22:06');
INSERT INTO `picture` VALUES ('1652131326815', '165213132681515.webp', '1652131326814', '2022-05-10 05:22:06', '2022-05-10 05:22:06');
INSERT INTO `picture` VALUES ('1652131525996', '165213152599614.webp', '1652131525996', '2022-05-10 05:25:25', '2022-05-10 05:25:25');
INSERT INTO `picture` VALUES ('1652131525997', '16521315259978.webp', '1652131525996', '2022-05-10 05:25:25', '2022-05-10 05:25:25');
INSERT INTO `picture` VALUES ('1652131656780', '16521316567809.jpg', '1652131656780', '2022-05-10 05:27:36', '2022-05-10 05:27:36');
INSERT INTO `picture` VALUES ('1652131656781', '165213165678110.webp', '1652131656780', '2022-05-10 05:27:36', '2022-05-10 05:27:36');
INSERT INTO `picture` VALUES ('1652131772729', '165213177272920.webp', '1652131772729', '2022-05-10 05:29:32', '2022-05-10 05:29:32');
INSERT INTO `picture` VALUES ('1652131772730', '165213177273021.webp', '1652131772729', '2022-05-10 05:29:32', '2022-05-10 05:29:32');
INSERT INTO `picture` VALUES ('1652131906908', '16521319069088.webp', '1652131906908', '2022-05-10 05:31:46', '2022-05-10 05:31:46');
INSERT INTO `picture` VALUES ('1652131906909', '165213190690914.webp', '1652131906908', '2022-05-10 05:31:46', '2022-05-10 05:31:46');
INSERT INTO `picture` VALUES ('1652132132106', '165213213210627.webp', '1652132132106', '2022-05-10 05:35:32', '2022-05-10 05:35:32');
INSERT INTO `picture` VALUES ('1652132132107', '165213213210726.webp', '1652132132106', '2022-05-10 05:35:32', '2022-05-10 05:35:32');

-- ----------------------------
-- Table structure for user
-- ----------------------------
DROP TABLE IF EXISTS `user`;
CREATE TABLE `user` (
  `id` char(24) NOT NULL COMMENT '主键，用户id，pet_时间戳',
  `nickname` varchar(100) DEFAULT NULL COMMENT '昵称',
  `phone` varchar(32) NOT NULL COMMENT '电话号码，用作登录账号',
  `password` varchar(100) NOT NULL COMMENT '密码',
  `avatar` varchar(255) DEFAULT NULL COMMENT '头像',
  `sex` tinyint DEFAULT '0' COMMENT '性别，0-默认，1-男，2-女',
  `birthday` date DEFAULT NULL COMMENT '出生日期',
  `signature` varchar(1200) DEFAULT NULL COMMENT '个性签名',
  `status` tinyint DEFAULT '0' COMMENT '账号状态，0-正常，1-冻结',
  `del_flag` tinyint DEFAULT '0' COMMENT '账号删除标注，0-未删除，1-已删除',
  `create_time` datetime DEFAULT NULL COMMENT '创建时间',
  `update_time` datetime DEFAULT NULL COMMENT '修改时间',
  PRIMARY KEY (`id`),
  UNIQUE KEY `index_phone` (`phone`) USING BTREE COMMENT '电话唯一索引'
) ENGINE=InnoDB DEFAULT CHARSET=utf8;

-- ----------------------------
-- Records of user
-- ----------------------------
INSERT INTO `user` VALUES ('pet_1650886485626', '一只哮天犬', '18300000002', '9fa11c838ac84aca9a989d3a512bc1f8', null, '1', '2022-05-01', '真棒！', '0', '0', '2022-04-25 19:34:45', '2022-05-10 01:42:23');
INSERT INTO `user` VALUES ('pet_1650886710780', '一个喜欢猫的人', '18300000003', '4f6dac0cf886afd0fcb96dfcf00a5c9c', '1651756480274haha.jpg', '2', '2000-05-10', '非常喜欢猫，有同样兴趣的人一起交个朋友吧！', '0', '0', '2022-04-25 19:38:30', '2022-05-10 03:14:11');
INSERT INTO `user` VALUES ('pet_1650886830496', '红花一朵', '18300000004', 'abd0e55c79712796eebbc788229cbd2c', null, '2', '2003-05-13', '真棒！', '0', '0', '2022-04-25 19:40:30', '2022-05-10 04:08:55');
INSERT INTO `user` VALUES ('pet_1652120262670', '用爱温暖这个世界', '18300000001', '589dd9f6adadb3ecbd041d5b93b079bf', '16521248600945.jpg', '2', '1993-05-20', '没有买卖就没有伤害。', '0', '0', '2022-05-10 02:17:42', '2022-05-10 03:35:44');
INSERT INTO `user` VALUES ('pet_1652120379104', '一只可爱的小狗', '18300000005', 'becb89127517ad36e0d954a5e5146d30', '1652120846080veer-105387649.jpg', '2', '2000-05-03', '要好好爱惜动物！', '0', '0', '2022-05-10 02:19:39', '2022-05-10 02:28:24');
INSERT INTO `user` VALUES ('pet_1652127349427', '我是一只luckydog', '18300000006', '7ae475283f355733954ff196ac230c73', '16521274189311.jpg', '1', '2005-05-12', '没有人比我更幸运！', '0', '0', '2022-05-10 04:15:49', '2022-05-10 04:18:21');
INSERT INTO `user` VALUES ('pet_1652128063243', '请叫我猫王！', '18300000007', 'a8c353c278350adc1404ab874740eb64', '1652128102223veer-169902510.jpg', '1', '1990-05-14', '我是万猫之王！', '0', '0', '2022-05-10 04:27:43', '2022-05-10 04:29:16');
INSERT INTO `user` VALUES ('pet_1652128699898', '美丽的小白兔！', '18300000008', 'fc4b45b113ea257afe8d498f919c4074', '16521287280133.jpg', '2', '2005-05-04', '我是一只小白兔', '0', '0', '2022-05-10 04:38:19', '2022-05-10 04:40:11');
INSERT INTO `user` VALUES ('pet_1652129043290', '迷人的微笑！', '18300000009', '9e544e827a78234a0c5e426afdf9d404', '16521290630724.jpg', '1', '2000-05-02', '时刻保持微笑！', '0', '0', '2022-05-10 04:44:03', '2022-05-10 04:45:07');
INSERT INTO `user` VALUES ('pet_1652129350425', '忧郁的眼神~~', '18300000010', '529c2b13039ed0639924fef7a3d11c3c', '16521293674235.jpg', '1', '2003-05-01', '带上那忧郁的眼神！', '0', '0', '2022-05-10 04:49:10', '2022-05-10 04:50:21');
